Date,AvgTemp,AvgWindSpeed,TotalRain
2021-05-01,22.39833333333333,2.308333333333333,0.0
2021-05-02,23.3925,2.9654166666666666,0.13
2021-05-03,21.822083333333335,3.6875,0.0
2021-05-04,17.801666666666666,5.65625,0.41000000000000003
2021-05-05,17.419583333333332,4.1883333333333335,0.0
2021-05-06,18.324166666666667,2.9645833333333336,0.14
2021-05-07,21.67958333333333,2.544583333333333,0.0
2021-05-08,17.21,4.923333333333333,1.47
2021-05-09,13.60125,6.444583333333334,0.0
2021-05-10,13.000416666666666,7.153333333333333,0.0
2021-05-11,13.407916666666667,6.550416666666667,0.0
2021-05-12,14.816666666666668,4.639583333333333,0.0
2021-05-13,17.791666666666668,2.515,0.0
2021-05-14,20.54,3.096666666666667,0.0
2021-05-15,20.192916666666665,2.21875,0.0
2021-05-16,18.31230769230769,3.2373076923076924,2.94
2021-05-17,19.212083333333332,3.765416666666667,0.0
2021-05-18,18.324583333333333,3.029583333333333,4.98
2021-05-19,21.125,2.5341666666666667,0.0
2021-05-20,20.750833333333336,5.750416666666666,0.0
2021-05-21,14.8392,7.5316,19.97
2021-05-22,15.728333333333333,3.129583333333333,1.26
2021-05-23,18.875,2.0108333333333333,0.0
2021-05-24,19.817916666666665,3.589166666666667,0.0
2021-05-25,19.218333333333334,5.879583333333334,0.0
2021-05-26,18.55125,7.458749999999999,0.0
2021-05-27,17.79375,6.4937499999999995,0.0
2021-05-28,18.62875,4.1812499999999995,0.27
2021-05-29,17.580000000000002,3.0220833333333332,6.14
2021-05-30,19.819583333333334,4.4575000000000005,0.0
2021-05-31,17.281666666666666,4.60875,1.38
2021-06-01,16.00375,3.58,15.94
2021-06-02,13.888846153846155,2.670769230769231,4.98
2021-06-03,15.295416666666668,2.6158333333333332,1.62
2021-06-04,17.134583333333335,3.044166666666667,0.21000000000000002
2021-06-05,17.639166666666664,2.700833333333333,0.0
2021-06-06,19.965,2.1283333333333334,0.0
2021-06-07,20.680833333333336,2.8779166666666662,0.0
2021-06-08,19.897916666666667,3.7983333333333333,1.18
2021-06-09,20.397083333333335,4.544583333333333,0.0
2021-06-10,20.868750000000002,4.707916666666667,0.0
2021-06-11,21.26875,4.91,0.18
2021-06-12,21.41416666666667,4.3445833333333335,0.0
2021-06-13,21.33346153846154,3.5819230769230765,4.9
2021-06-14,16.648000000000003,3.9912,7.87
2021-06-15,17.51,3.580833333333333,4.87
2021-06-16,16.633703703703706,4.895925925925926,24.43
2021-06-17,19.833199999999998,2.6136,0.22999999999999998
2021-06-18,20.669999999999998,3.22125,2.57
2021-06-19,20.5025,2.80875,7.470000000000001
2021-06-20,20.962500000000002,3.9741666666666666,0.0
2021-06-21,21.685,3.8816666666666664,0.62
2021-06-22,22.947083333333335,2.379166666666667,0.0
2021-06-23,22.66875,2.255,3.69
2021-06-24,23.515416666666667,2.5945833333333335,0.0
2021-06-25,24.82541666666667,2.874166666666667,0.0
2021-06-26,24.816666666666666,2.7591666666666668,0.0
2021-06-27,25.423333333333332,3.685833333333333,0.25
2021-06-28,24.980416666666667,5.080416666666667,0.0
2021-06-29,24.704583333333332,5.03625,0.0
2021-06-30,25.205,5.12625,0.0
2021-07-01,27.294583333333335,2.46125,0.0
2021-07-02,25.651666666666667,6.280833333333334,0.0
2021-07-03,22.818620689655173,3.6855172413793102,18.18
2021-07-04,22.575,3.282083333333333,4.01
2021-07-05,24.312083333333334,3.3216666666666668,0.47000000000000003
2021-07-06,21.729285714285712,3.4957142857142856,18.41
2021-07-07,23.548333333333332,3.4291666666666667,5.93
2021-07-08,23.48166666666667,5.251666666666667,3.17
2021-07-09,24.60166666666667,7.159583333333333,0.21
2021-07-10,24.728333333333335,5.916250000000001,0.0
2021-07-11,25.04375,4.5874999999999995,0.0
2021-07-12,25.04375,3.94375,0.0
2021-07-13,25.541666666666668,4.480416666666667,0.0
2021-07-14,24.977083333333336,4.7725,0.0
2021-07-15,26.144583333333333,5.552916666666667,0.0
2021-07-16,26.64,6.43,0.0
2021-07-17,26.77125,4.715833333333333,0.0
2021-07-18,27.089583333333334,5.829999999999999,0.0
2021-07-19,27.199583333333333,3.0866666666666664,0.0
2021-07-20,27.548333333333332,2.9637499999999997,0.0
2021-07-21,25.913749999999997,3.579166666666667,1.06
2021-07-22,23.799166666666668,5.25125,1.28
2021-07-23,23.295833333333334,5.100416666666667,0.18
2021-07-24,22.92,5.708333333333333,0.0
2021-07-25,24.572916666666668,6.280833333333334,0.0
2021-07-26,25.388333333333335,5.466666666666666,0.1
2021-07-27,25.493750000000002,4.357083333333334,0.0
2021-07-28,26.947916666666668,5.380416666666666,0.0
2021-07-29,27.493333333333336,4.7595833333333335,0.0
2021-07-30,27.994583333333335,4.082083333333333,0.0
2021-07-31,28.905416666666667,4.095,0.0
2021-08-01,28.11791666666667,4.994583333333334,0.0
2021-08-02,28.667083333333334,2.4145833333333333,0.0
2021-08-03,28.724999999999998,3.4029166666666666,0.0
2021-08-04,27.80666666666667,4.37,0.0
2021-08-05,28.844166666666666,3.1804166666666664,0.0
2021-08-06,29.522499999999997,3.8266666666666667,1.92
2021-08-07,25.836799999999997,5.968,29.26
2021-08-08,24.817916666666665,4.157916666666667,0.0
2021-08-09,24.23375,3.3487500000000003,0.0
2021-08-10,25.40041666666667,2.81125,0.0
2021-08-11,25.737083333333334,3.355,0.96
2021-08-12,25.750833333333333,5.12375,0.0
2021-08-13,24.95375,5.826666666666667,0.0
2021-08-14,24.729166666666668,5.709583333333334,0.0
2021-08-15,24.015416666666667,5.295,0.0
2021-08-16,24.269583333333333,5.444583333333334,0.0
2021-08-17,25.46666666666667,5.102083333333334,0.0
2021-08-18,25.453333333333333,4.86625,0.0
2021-08-19,24.0675,5.144583333333333,0.79
2021-08-20,23.44333333333333,5.734583333333333,0.0
2021-08-21,23.547916666666666,6.1000000000000005,0.0
2021-08-22,24.324583333333333,6.50875,0.11
2021-08-23,25.3275,7.210833333333333,0.0
2021-08-24,25.076666666666668,5.881666666666667,0.0
2021-08-25,25.506666666666664,4.66125,0.0
2021-08-26,25.384583333333335,2.1283333333333334,0.0
2021-08-27,26.474999999999998,2.0416666666666665,0.0
2021-08-28,27.352083333333336,5.7875000000000005,0.0
2021-08-29,25.776666666666667,3.1054166666666667,0.0
2021-08-30,24.81458333333333,5.138333333333333,0.41000000000000003
2021-08-31,24.91916666666667,5.894583333333333,0.0
2021-09-01,24.542083333333334,5.422916666666667,0.0
2021-09-02,22.434583333333336,4.115833333333334,0.5
2021-09-03,19.547083333333333,5.5945833333333335,0.12
2021-09-04,20.804166666666667,5.080416666666666,0.0
2021-09-05,21.990416666666665,6.6875,0.0
2021-09-06,21.133333333333333,8.617916666666668,0.25
2021-09-07,19.985833333333336,8.645416666666668,0.0
2021-09-08,20.372916666666665,9.643333333333333,0.0
2021-09-09,20.8675,7.272083333333334,0.84
2021-09-10,19.101481481481482,3.390740740740741,4.1
2021-09-11,19.403333333333332,2.44375,0.0
2021-09-12,19.648333333333333,4.090416666666667,0.0
2021-09-13,20.957083333333333,4.58875,0.0
2021-09-14,21.08791666666667,4.609583333333333,0.0
2021-09-15,21.535,3.9491666666666667,2.7600000000000002
2021-09-16,21.69875,3.1512499999999997,0.6
2021-09-17,22.11,2.31,0.0
2021-09-18,24.874583333333334,3.1604166666666664,0.0
2021-09-19,24.07875,2.2929166666666667,2.59
2021-09-20,24.97666666666667,2.3991666666666664,0.0
2021-09-21,20.35375,7.325,2.91
2021-09-22,16.840416666666666,4.38,5.17
2021-09-23,14.25,3.796666666666667,11.13
2021-09-24,16.478333333333335,3.1941666666666664,0.0
2021-09-25,19.35625,4.4799999999999995,0.0
2021-09-26,19.485000000000003,4.244166666666667,0.0
2021-09-27,19.340416666666666,5.101666666666667,0.0
2021-09-28,18.535,5.459583333333334,0.0
2021-09-29,18.051666666666666,6.601666666666667,1.3800000000000001
2021-09-30,16.84,6.9375,0.15
2021-10-01,15.227083333333333,5.187916666666667,0.74
2021-10-02,14.834583333333335,5.102083333333334,0.9
2021-10-03,16.280833333333334,4.215416666666667,0.0
2021-10-04,16.95958333333333,4.95375,0.0
2021-10-05,16.702083333333334,5.756666666666667,0.0
2021-10-06,15.700833333333334,4.115833333333334,0.0
2021-10-07,16.100416666666668,5.953333333333333,0.0
2021-10-08,17.0625,6.9316666666666675,0.0
2021-10-09,17.40625,5.229166666666667,2.3
2021-10-10,16.290357142857143,6.539285714285714,0.0
2021-10-11,18.169166666666666,4.31125,0.0
2021-10-12,16.481666666666666,3.1966666666666668,11.05
2021-10-13,14.043750000000001,4.345416666666666,5.52
2021-10-14,16.635416666666668,5.37,0.0
2021-10-15,18.141666666666666,4.190833333333333,0.25
2021-10-16,18.75,2.7862500000000003,0.6100000000000001
2021-10-17,14.59125,3.7720833333333332,9.639999999999999
2021-10-18,14.43625,4.65125,2.29
2021-10-19,14.07,4.286666666666666,0.0
2021-10-20,13.112499999999999,4.480416666666667,0.0
2021-10-21,14.094166666666666,2.1004166666666664,0.0
2021-10-22,15.99,3.2358333333333333,0.0
2021-10-23,16.07375,2.18625,0.0
2021-10-24,12.728800000000001,5.5360000000000005,5.9
2021-10-25,12.560833333333333,6.415833333333333,0.0
2021-10-26,12.09625,5.4366666666666665,0.0
2021-10-27,13.350833333333334,4.705416666666666,0.0
2021-10-28,13.348333333333334,5.9245833333333335,0.0
2021-10-29,13.32875,6.337083333333333,0.0
2021-10-30,14.406666666666666,5.987916666666667,0.0
2021-10-31,14.071666666666667,4.178333333333334,1.98
2021-11-01,14.293333333333335,2.35875,6.61
2021-11-02,15.62888888888889,1.3966666666666667,13.39
2021-11-03,17.92625,2.2720833333333332,0.0
2021-11-04,18.228333333333335,1.6183333333333332,0.0
2021-11-05,16.50375,0.775,0.0
2021-11-06,14.685,3.2566666666666664,0.0
2021-11-07,15.042083333333332,4.416666666666667,0.0
2021-11-08,15.1775,1.3083333333333333,0.0
2021-11-09,14.001666666666667,3.4629166666666666,7.91
2021-11-10,10.695833333333333,6.573333333333333,0.96
2021-11-11,10.430833333333334,6.050416666666667,0.0
2021-11-12,10.300416666666667,4.200833333333333,0.0
2021-11-13,10.382083333333334,3.04875,0.0
2021-11-14,11.337083333333332,3.873333333333333,0.0
2021-11-15,12.50625,5.460833333333333,0.0
2021-11-16,12.04125,7.30875,0.0
2021-11-17,10.945416666666667,5.59375,0.0
2021-11-18,10.799583333333333,3.17375,0.39
2021-11-19,9.795416666666666,2.870416666666667,1.59
2021-11-20,9.187916666666666,1.6079166666666669,0.0
2021-11-21,10.640416666666667,2.19,0.0
2021-11-22,12.842500000000001,2.9791666666666665,0.0
2021-11-23,13.035416666666668,3.2579166666666666,17.23
2021-11-24,10.412,7.1888,1.69
2021-11-25,10.573749999999999,4.6875,0.0
2021-11-26,12.319583333333334,3.1954166666666666,3.52
2021-11-27,15.75,4.7124,1.11
2021-11-28,15.9625,4.586666666666667,4.18
2021-11-29,18.0528,7.6264,6.73
2021-11-30,11.044400000000001,5.486000000000001,8.16
2021-12-01,8.777916666666668,5.700833333333333,0.48000000000000004
2021-12-02,11.380833333333333,3.7770833333333336,0.0
2021-12-03,15.258333333333333,4.307916666666666,1.45
2021-12-04,12.858400000000001,4.486000000000001,7.06
2021-12-05,12.168750000000001,1.93,0.0
2021-12-06,14.382083333333334,1.8862500000000002,0.0
2021-12-07,13.941249999999998,3.56,4.33
2021-12-08,9.096666666666666,3.68625,1.9300000000000002
2021-12-09,11.732916666666666,3.407083333333333,0.15
2021-12-10,13.5848,5.6124,7.03
2021-12-11,14.949583333333335,3.49375,0.0
2021-12-12,13.780833333333334,3.879583333333333,14.71
2021-12-13,10.95375,3.68625,9.73
2021-12-14,10.154166666666667,7.416250000000001,6.27
2021-12-15,6.3066666666666675,6.173333333333333,16.88
2021-12-16,5.5076923076923086,2.5534615384615384,11.05
2021-12-17,5.484166666666667,3.4941666666666666,12.2
2021-12-18,5.815416666666667,5.580000000000001,13.98
2021-12-19,4.920833333333333,6.052083333333333,3.47
2021-12-20,5.427083333333333,4.501666666666667,4.95
2021-12-21,3.8045833333333334,3.3229166666666665,2.51
2021-12-22,2.3000000000000003,3.594583333333333,1.17
2021-12-23,2.13875,2.6775,0.12
2021-12-24,5.590833333333333,5.679583333333333,0.0
2021-12-25,9.883750000000001,6.451250000000001,0.0
2021-12-26,12.924166666666666,4.22375,0.0
2021-12-27,13.185833333333333,2.7483333333333335,0.0
2021-12-28,12.84625,2.497916666666667,0.0
2021-12-29,11.823333333333332,2.82,1.63
2021-12-30,11.455833333333333,5.594166666666666,1.0
2021-12-31,8.5175,4.309166666666667,0.0
2022-01-01,8.945416666666667,3.473333333333333,1.77
2022-01-02,9.3524,2.016,1.01
2022-01-03,10.2775,4.865416666666667,0.0
2022-01-04,11.5675,3.5574999999999997,0.0
2022-01-05,12.802083333333334,3.6225,0.0
2022-01-06,15.092083333333333,5.890416666666667,0.0
2022-01-07,10.501666666666667,5.3675,0.0
2022-01-08,10.019166666666667,4.02875,0.59
2022-01-09,9.8325,3.623333333333333,0.39
2022-01-10,10.025833333333333,5.659583333333334,0.24000000000000002
2022-01-11,8.344583333333334,9.47375,4.09
2022-01-12,2.6555555555555554,10.28888888888889,20.86
2022-01-13,1.1276923076923078,6.529230769230769,0.58
2022-01-14,2.5733333333333333,4.029166666666667,0.0
2022-01-15,5.172916666666667,4.0512500000000005,0.53
2022-01-16,3.327083333333333,2.658333333333333,0.0
2022-01-17,5.751666666666666,6.486249999999999,0.62
2022-01-18,4.444583333333333,4.922083333333333,3.02
2022-01-19,1.6203999999999998,4.3896,1.11
2022-01-20,4.839583333333334,5.829166666666667,0.0
2022-01-21,4.651923076923077,4.016153846153847,9.74
2022-01-22,0.21653846153846157,2.414230769230769,0.0
2022-01-23,-0.6245833333333334,3.6445833333333333,0.85
2022-01-24,-0.5270833333333332,2.6575,0.0
2022-01-25,-0.27166666666666667,5.400833333333334,0.0
2022-01-26,0.22458333333333333,2.829166666666667,0.14
2022-01-27,2.720833333333333,2.5516666666666667,1.69
2022-01-28,3.9266666666666663,3.3441666666666667,0.0
2022-01-29,4.773333333333333,2.3583333333333334,0.13
2022-01-30,4.379166666666666,4.159166666666667,0.0
2022-01-31,5.820416666666667,2.6975,0.0
2022-02-01,7.122083333333333,3.4270833333333335,1.13
2022-02-02,8.383333333333333,3.748333333333333,7.1
2022-02-03,4.226666666666667,7.072916666666667,11.89
2022-02-04,3.589166666666667,3.5366666666666666,0.0
2022-02-05,4.77125,2.94125,0.0
2022-02-06,7.159166666666667,1.8358333333333334,0.0
2022-02-07,9.68,3.6079166666666667,2.68
2022-02-08,5.905,8.083571428571428,43.91
2022-02-09,5.007916666666667,5.358333333333333,2.55
2022-02-10,4.835416666666666,2.2937499999999997,0.0
2022-02-11,6.6691666666666665,1.84375,0.0
2022-02-12,7.629583333333334,4.4675,0.0
2022-02-13,6.2975,7.3741666666666665,0.0
2022-02-14,5.636666666666667,3.901666666666667,0.0
2022-02-15,5.550833333333333,1.1366666666666667,0.0
2022-02-16,8.462083333333334,0.48833333333333334,0.0
2022-02-17,9.82375,2.935833333333333,0.0
2022-02-18,8.312916666666666,3.9233333333333333,9.04
2022-02-19,6.957083333333333,1.8520833333333335,0.0
2022-02-20,10.774583333333332,1.7154166666666668,0.0
2022-02-21,11.939583333333333,2.3983333333333334,0.0
2022-02-22,12.795,2.2395833333333335,1.91
2022-02-23,8.794,5.247333333333334,5.52
2022-02-24,5.859999999999999,8.531666666666666,19.0
2022-02-25,6.452500000000001,4.522916666666666,6.69
2022-02-26,7.693333333333334,2.9783333333333335,0.0
2022-02-27,7.16125,6.794583333333333,3.91
2022-02-28,5.870833333333334,4.544583333333333,0.9
2022-03-01,3.734166666666667,4.0304166666666665,1.71
2022-03-02,3.8083333333333336,5.078333333333333,0.55
2022-03-03,3.8912,3.6212,2.89
2022-03-04,6.7075,1.62875,0.0
2022-03-05,7.2437499999999995,3.3225,0.12
2022-03-06,6.958333333333333,7.824166666666667,3.68
2022-03-07,5.671666666666667,3.9120833333333334,2.79
2022-03-08,4.1066666666666665,4.265833333333333,3.5500000000000003
2022-03-09,3.4333333333333336,5.852083333333333,0.95
2022-03-10,0.8433333333333333,6.059259259259259,4.24
2022-03-11,-1.0708333333333333,5.359166666666667,0.0
2022-03-12,-1.5429166666666667,4.565833333333333,0.0
2022-03-13,0.022068965517241367,2.2441379310344827,1.4
2022-03-14,1.4029166666666668,2.5124999999999997,0.0
2022-03-15,3.7808333333333333,1.45625,0.0
2022-03-16,4.712916666666667,0.7733333333333334,0.0
2022-03-17,4.102916666666666,4.930833333333333,2.5700000000000003
2022-03-18,-0.10166666666666668,4.935416666666667,0.39
2022-03-19,0.5444,5.9048,1.52
2022-03-20,2.7095833333333332,5.1225,0.85
2022-03-21,4.912916666666667,5.527916666666666,0.38
2022-03-22,5.07875,3.7087499999999998,0.0
2022-03-23,5.4629166666666675,5.5129166666666665,1.96
2022-03-24,5.685833333333334,2.4216666666666664,0.0
2022-03-25,8.07375,4.163749999999999,0.6
2022-03-26,6.634166666666666,2.315,1.06
2022-03-27,9.66,3.4725,0.0
2022-03-28,11.020833333333334,1.8033333333333335,0.0
2022-03-29,12.7825,2.605,0.0
2022-03-30,14.228333333333333,2.765416666666667,0.0
2022-03-31,15.50125,3.8937500000000003,0.0
2022-04-01,18.4925,3.87625,0.0
2022-04-02,16.769166666666667,7.737916666666667,0.0
2022-04-03,12.696800000000001,6.1524,4.87
2022-04-04,9.594166666666666,4.972083333333333,5.23
2022-04-05,9.7575,3.4299999999999997,3.75
2022-04-06,10.62375,4.0025,0.0
2022-04-07,12.48076923076923,3.696923076923077,13.14
2022-04-08,13.711666666666666,3.8837499999999996,0.8899999999999999
2022-04-09,16.959166666666665,3.31375,0.0
2022-04-10,17.485416666666666,4.385416666666667,1.29
2022-04-11,8.036666666666667,5.29375,9.97
2022-04-12,8.980416666666667,3.0054166666666666,1.1400000000000001
2022-04-13,8.695416666666667,2.0570833333333334,0.0
2022-04-14,11.042499999999999,2.8466666666666662,0.0
2022-04-15,13.147916666666667,3.76375,0.0
2022-04-16,14.409166666666666,2.1925,0.0
2022-04-17,11.284999999999998,7.116666666666667,13.52
2022-04-18,8.075135135135135,6.937567567567568,14.459999999999999
2022-04-19,6.695416666666667,4.3933333333333335,7.15
2022-04-20,10.799166666666666,2.2695833333333333,0.0
2022-04-21,11.346666666666666,1.7358333333333331,2.56
2022-04-22,15.780416666666667,2.5383333333333336,0.0
2022-04-23,17.355416666666667,2.2775000000000003,0.0
2022-04-24,17.626250000000002,3.6845833333333338,0.0
2022-04-25,15.5375,2.5875,0.0
2022-04-26,18.48875,3.639583333333333,0.0
2022-04-27,15.737916666666669,6.687083333333334,0.0
2022-04-28,14.6825,6.3566666666666665,0.0
2022-04-29,14.500833333333333,6.858750000000001,0.0
2022-04-30,12.573749999999999,5.850833333333333,0.15
2022-05-01,13.739166666666668,5.8308333333333335,0.0
2022-05-02,13.848333333333334,8.080833333333333,1.81
2022-05-03,11.342592592592593,4.972222222222222,3.26
2022-05-04,11.112916666666665,3.2154166666666666,2.63
2022-05-05,12.261666666666668,3.5795833333333333,0.0
2022-05-06,12.943333333333333,4.373333333333333,0.0
2022-05-07,13.355833333333335,5.03,0.0
2022-05-08,13.162083333333333,6.875416666666666,0.0
2022-05-09,12.788333333333334,6.794583333333333,0.0
2022-05-10,13.50625,6.836666666666667,0.0
2022-05-11,14.516666666666666,4.93,0.0
2022-05-12,17.41875,2.9554166666666664,0.0
2022-05-13,18.919166666666666,2.7091666666666665,0.0
2022-05-14,19.908333333333335,3.3091666666666666,0.0
2022-05-15,18.65458333333333,3.11875,0.0
2022-05-16,18.85625,3.16,0.0
2022-05-17,19.27541666666667,1.7904166666666665,0.0
2022-05-18,15.706296296296296,6.778518518518519,10.75
2022-05-19,12.558750000000002,4.565833333333333,0.0
2022-05-20,15.270000000000001,5.037083333333333,0.0
2022-05-21,16.992083333333333,1.735,0.0
2022-05-22,19.573333333333334,3.3158333333333334,0.0
2022-05-23,18.120833333333334,3.879583333333333,0.26
2022-05-24,19.973333333333333,3.8158333333333334,0.55
2022-05-25,20.609583333333333,3.4949999999999997,0.4
2022-05-26,21.221666666666668,2.4883333333333333,0.0
2022-05-27,22.423750000000002,3.417083333333333,0.0
2022-05-28,23.710833333333337,2.9279166666666665,0.0
2022-05-29,26.391199999999998,4.1504,1.68
2022-05-30,25.01875,4.195833333333334,0.0
2022-05-31,22.650000000000002,5.25125,0.0
2022-06-01,21.902083333333334,5.2525,0.0
2022-06-02,21.34,6.002083333333334,0.0
2022-06-03,21.67,5.359166666666667,0.0
2022-06-04,21.84958333333333,4.861666666666667,0.0
2022-06-05,22.072083333333335,4.0183333333333335,0.0
2022-06-06,21.275833333333335,5.178333333333334,0.0
2022-06-07,19.55125,3.6845833333333338,0.0
2022-06-08,19.329583333333336,3.283333333333333,1.3900000000000001
2022-06-09,21.910416666666666,2.3833333333333333,0.0
2022-06-10,24.765833333333333,3.0325,0.53
2022-06-11,21.3856,3.5168,3.4
2022-06-12,20.524166666666666,2.9075,12.459999999999999
2022-06-13,21.33875,3.067083333333333,0.0
2022-06-14,22.57375,3.4945833333333334,0.0
2022-06-15,21.969583333333333,6.666250000000001,0.39
2022-06-16,21.388333333333335,7.233333333333333,0.0
2022-06-17,21.542916666666667,6.53875,0.0
2022-06-18,21.52916666666667,7.2875000000000005,0.0
2022-06-19,21.574166666666667,6.579166666666667,0.0
2022-06-20,21.2375,4.8654166666666665,0.56
2022-06-21,22.609583333333333,3.637083333333333,0.48
2022-06-22,25.045416666666668,3.6320833333333336,0.0
2022-06-23,23.19541666666667,3.52,0.0
2022-06-24,22.567083333333333,2.9995833333333333,1.66
2022-06-25,22.954583333333332,3.9,0.34
2022-06-26,21.98375,3.729583333333333,0.0
2022-06-27,22.194999999999997,3.387083333333333,4.82
2022-06-28,23.06625,5.1450000000000005,3.4499999999999997
2022-06-29,22.74791666666667,4.951666666666667,1.04
2022-06-30,22.645416666666666,5.38,0.0
2022-07-01,24.115416666666665,4.383333333333334,0.0
2022-07-02,24.462500000000002,6.34375,0.0
2022-07-03,23.349166666666665,8.080833333333333,0.0
2022-07-04,22.35625,7.202083333333333,0.0
2022-07-05,23.067083333333333,6.81625,0.0
2022-07-06,23.736666666666668,4.9783333333333335,0.0
2022-07-07,24.375416666666666,3.8166666666666664,0.0
2022-07-08,24.233333333333334,5.400833333333334,0.49
2022-07-09,23.54692307692308,5.292692307692307,4.58
2022-07-10,20.624285714285715,2.8810714285714285,11.77
2022-07-11,22.12291666666667,3.644166666666667,0.0
2022-07-12,22.381249999999998,5.4025,0.0
2022-07-13,22.32375,4.565416666666667,0.11
2022-07-14,23.079166666666666,6.344166666666666,0.0
2022-07-15,23.41208333333333,6.302916666666667,0.0
2022-07-16,24.010833333333334,5.1875,0.0
2022-07-17,24.58875,5.6375,0.0
2022-07-18,23.34958333333333,7.781666666666666,0.0
2022-07-19,22.181250000000002,7.0575,0.0
2022-07-20,23.015416666666667,6.9025,0.0
2022-07-21,23.425416666666667,3.28875,0.0
2022-07-22,23.749166666666667,3.60375,0.0
2022-07-23,25.174583333333334,3.470833333333333,0.0
2022-07-24,25.212500000000002,4.169583333333333,0.0
2022-07-25,25.006249999999998,5.745,0.0
2022-07-26,25.265833333333333,5.339166666666666,0.0
2022-07-27,25.668333333333333,6.365833333333334,0.0
2022-07-28,25.24416666666667,8.251666666666667,0.0
2022-07-29,25.30875,7.63,0.0
2022-07-30,25.851249999999997,6.0675,0.0
2022-07-31,26.32041666666667,5.5945833333333335,0.26
2022-08-01,25.792916666666667,4.35625,0.28
2022-08-02,24.655,5.4679166666666665,0.0
2022-08-03,24.72458333333333,5.7870833333333325,0.0
2022-08-04,25.276666666666667,6.967083333333334,0.0
2022-08-05,25.302083333333332,6.345416666666666,0.0
2022-08-06,25.68541666666667,6.666666666666667,0.0
2022-08-07,26.305833333333336,6.623333333333334,0.0
2022-08-08,26.86791666666667,7.459583333333334,0.11
2022-08-09,27.01875,6.430416666666667,0.0
2022-08-10,25.559583333333336,5.251666666666667,0.33
2022-08-11,23.645416666666666,5.6570833333333335,4.11
2022-08-12,24.095416666666665,4.609166666666667,0.33
2022-08-13,24.72875,5.639166666666667,0.0
2022-08-14,25.388333333333335,4.587083333333333,0.0
2022-08-15,22.467692307692307,2.3473076923076923,14.26
2022-08-16,25.639583333333334,2.3504166666666664,0.0
2022-08-17,25.996666666666666,2.245416666666667,0.0
2022-08-18,26.31458333333333,3.3375,0.0
2022-08-19,25.5325,3.9441666666666664,0.29000000000000004
2022-08-20,25.428749999999997,4.007916666666667,0.0
2022-08-21,26.05541666666667,5.7870833333333325,0.0
2022-08-22,26.66125,5.641666666666667,0.0
2022-08-23,26.986666666666668,5.036666666666666,0.0
2022-08-24,26.265416666666667,6.114999999999999,1.81
2022-08-25,22.97,1.9128,6.59
2022-08-26,24.4108,2.4688,0.22
2022-08-27,24.990416666666665,2.935833333333333,1.94
2022-08-28,25.655,4.164166666666667,0.0
2022-08-29,26.498333333333335,6.495416666666666,0.0
2022-08-30,27.054166666666664,5.572916666666667,0.0
2022-08-31,24.8475,3.4295833333333334,1.9900000000000002
2022-09-01,25.099166666666665,3.7720833333333332,1.7000000000000002
2022-09-02,26.18166666666667,3.45375,0.9
2022-09-03,24.226399999999998,4.3831999999999995,0.74
2022-09-04,22.3,5.915,0.73
2022-09-05,20.681250000000002,7.02625,1.92
2022-09-06,19.561666666666667,5.962083333333333,0.91
2022-09-07,20.901666666666667,7.287916666666667,0.0
2022-09-08,21.013749999999998,5.72375,0.0
2022-09-09,21.568749999999998,3.8695833333333334,0.0
2022-09-10,23.13416666666667,1.7591666666666665,0.0
2022-09-11,23.674583333333334,3.517916666666667,0.0
2022-09-12,20.085,3.5379166666666664,4.680000000000001
2022-09-13,18.8775,3.3220833333333335,2.08
2022-09-14,20.52375,2.07875,0.0
2022-09-15,23.219583333333333,2.6670833333333337,0.0
2022-09-16,25.982083333333335,3.2933333333333334,0.0
2022-09-17,26.009583333333335,2.23375,0.0
2022-09-18,22.352083333333336,5.229166666666667,9.76
2022-09-19,19.212500000000002,5.440416666666667,0.0
2022-09-20,17.469166666666666,5.425416666666667,0.0
2022-09-21,17.823333333333334,4.97,1.71
2022-09-22,13.57875,3.7725000000000004,27.86
2022-09-23,14.169166666666667,2.9579166666666663,2.6
2022-09-24,15.697916666666666,2.4795833333333333,0.0
2022-09-25,17.317916666666665,2.5608333333333335,0.0
2022-09-26,18.805833333333332,2.035833333333333,0.0
2022-09-27,21.285,3.7125,0.29000000000000004
2022-09-28,23.154583333333335,3.265416666666667,0.28
2022-09-29,23.39375,2.567083333333333,0.0
2022-09-30,23.88291666666667,2.0816666666666666,0.0
2022-10-01,23.41875,2.5829166666666663,0.0
2022-10-02,21.526,3.3316000000000003,9.36
2022-10-03,18.714166666666667,2.9141666666666666,0.28
2022-10-04,16.552083333333332,3.515,0.74
2022-10-05,15.341666666666667,5.015416666666667,1.04
2022-10-06,17.30333333333333,7.1575,0.0
2022-10-07,17.949166666666667,8.05875,2.7800000000000002
2022-10-08,17.899166666666666,4.415416666666666,1.6
2022-10-09,16.698333333333334,2.379166666666667,0.37
2022-10-10,16.92125,5.12375,0.0
2022-10-11,17.105,6.601666666666667,0.0
2022-10-12,16.83791666666667,5.937083333333334,0.0
2022-10-13,17.265416666666667,5.5945833333333335,0.0
2022-10-14,16.429166666666667,6.988333333333333,0.48
2022-10-15,15.442083333333334,5.872083333333333,3.49
2022-10-16,16.405,7.287916666666667,1.51
2022-10-17,17.121666666666666,7.05125,0.21000000000000002
2022-10-18,16.112083333333334,5.123333333333334,0.0
2022-10-19,15.236666666666666,3.515416666666667,0.0
2022-10-20,13.833333333333334,4.502083333333333,0.28
2022-10-21,12.43125,4.8825,0.0
2022-10-22,13.059583333333334,2.4225,0.0
2022-10-23,16.27625,3.2795833333333335,0.0
2022-10-24,15.93625,2.066666666666667,0.0
2022-10-25,16.120833333333334,1.46875,0.0
2022-10-26,16.4225,3.2358333333333333,0.0
2022-10-27,15.399166666666666,4.930416666666667,0.0
2022-10-28,14.86875,5.959166666666667,0.0
2022-10-29,13.960833333333333,4.961666666666667,0.0
2022-10-30,13.785416666666668,2.922083333333333,0.0
2022-10-31,13.936666666666667,2.6787500000000004,0.12
2022-11-01,14.274583333333332,3.5795833333333333,0.0
2022-11-02,13.691249999999998,2.3358333333333334,0.0
2022-11-03,14.967083333333333,4.0512500000000005,0.0
2022-11-04,15.2025,2.0258333333333334,0.0
2022-11-05,16.917916666666667,1.9729166666666667,0.0
2022-11-06,17.779166666666665,3.592916666666667,0.0
2022-11-07,14.817083333333334,5.7875000000000005,0.0
2022-11-08,12.365,3.5712499999999996,0.0
2022-11-09,11.725416666666668,3.3775,0.0
2022-11-10,11.495,3.922916666666667,0.0
2022-11-11,12.539583333333333,4.287083333333333,0.0
2022-11-12,14.051250000000001,6.260000000000001,0.0
2022-11-13,14.451666666666666,4.8925,0.0
2022-11-14,13.633333333333333,4.673333333333333,0.0
2022-11-15,13.407499999999999,3.6595833333333334,0.0
2022-11-16,12.886666666666665,4.073333333333333,0.0
2022-11-17,16.707916666666666,4.845,3.21
2022-11-18,17.922916666666666,3.6254166666666667,2.01
2022-11-19,19.881249999999998,3.794166666666667,0.0
2022-11-20,20.272916666666667,3.1508333333333334,0.0
2022-11-21,19.442083333333333,6.859583333333333,2.77
2022-11-22,13.137599999999999,2.8192000000000004,8.84
2022-11-23,15.261249999999999,4.449166666666667,3.89
2022-11-24,13.187083333333334,2.52875,5.46
2022-11-25,10.267083333333334,4.86625,2.09
2022-11-26,8.994166666666667,4.072916666666667,3.75
2022-11-27,8.84,4.8875,0.0
2022-11-28,11.266666666666666,4.972916666666666,0.35
2022-11-29,11.829166666666666,3.85875,0.0
2022-11-30,13.545833333333334,5.958749999999999,1.4
2022-12-01,13.340416666666668,4.500416666666667,6.43
2022-12-02,11.37888888888889,3.6588888888888884,5.98
2022-12-03,10.109166666666667,6.326666666666667,1.43
2022-12-04,10.107083333333334,5.679583333333333,0.0
2022-12-05,10.888333333333334,4.694166666666667,0.0
2022-12-06,10.34875,4.6725,0.0
2022-12-07,10.445833333333333,1.4141666666666666,0.0
2022-12-08,12.486666666666666,1.0016666666666667,0.0
2022-12-09,14.594999999999999,1.4779166666666665,0.27
2022-12-10,15.980416666666665,2.9737500000000003,0.0
2022-12-11,17.68625,5.246666666666667,0.8
2022-12-12,14.70875,3.19375,0.37
2022-12-13,7.835,6.108333333333333,16.17
2022-12-14,8.36,4.4366666666666665,0.0
2022-12-15,13.217916666666667,3.2825,7.14
2022-12-16,15.777500000000002,1.7033333333333334,0.0
2022-12-17,16.412499999999998,1.63875,0.0
2022-12-18,11.398333333333333,6.47375,2.37
2022-12-19,6.291666666666667,8.638333333333334,5.51
2022-12-20,6.494583333333334,5.539583333333333,0.0
2022-12-21,7.586666666666667,3.736666666666667,0.0
2022-12-22,7.685,2.464583333333333,0.0
2022-12-23,9.264583333333333,2.015,0.0
2022-12-24,8.994166666666667,1.7791666666666668,0.0
2022-12-25,9.828571428571427,2.4810714285714286,5.69
2022-12-26,8.444166666666666,1.32875,0.0
2022-12-27,10.683750000000002,3.3216666666666668,0.0
2022-12-28,9.880833333333333,4.887083333333334,0.41000000000000003
2022-12-29,8.963333333333333,2.5929166666666665,0.0
2022-12-30,9.360416666666667,2.122916666666667,0.0
2022-12-31,9.909583333333334,1.5858333333333334,0.0
2023-01-01,8.199583333333333,1.68875,0.0
2023-01-02,6.858750000000001,1.3183333333333334,0.0
2023-01-03,8.143333333333333,2.558333333333333,0.0
2023-01-04,9.266296296296296,3.4203703703703705,0.36
2023-01-05,9.7425,3.24875,0.0
2023-01-06,10.0172,4.476,0.11
2023-01-07,8.049583333333333,2.3345833333333332,0.0
2023-01-08,7.215416666666666,3.014583333333333,0.0
2023-01-09,7.461666666666667,2.5008333333333335,0.0
2023-01-10,11.590833333333334,3.54625,1.07
2023-01-11,11.709583333333333,3.1995833333333334,1.8599999999999999
2023-01-12,10.023333333333333,3.9755555555555557,2.7
2023-01-13,9.430384615384614,5.253846153846154,1.26
2023-01-14,9.399583333333334,5.349166666666666,0.0
2023-01-15,8.865416666666667,5.042083333333333,0.0
2023-01-16,8.059583333333334,1.6904166666666667,0.0
2023-01-17,13.567916666666667,4.770833333333333,0.0
2023-01-18,16.827916666666667,7.105833333333333,0.0
2023-01-19,15.873333333333333,3.36875,0.0
2023-01-20,13.23375,3.25,0.75
2023-01-21,12.967500000000001,2.17875,0.0
2023-01-22,11.830833333333333,2.1566666666666667,0.0
2023-01-23,9.469583333333334,6.1275,0.0
2023-01-24,7.6745833333333335,6.12875,0.0
2023-01-25,5.619583333333334,6.549166666666667,0.52
2023-01-26,8.285,4.764583333333333,0.0
2023-01-27,11.065416666666666,3.9150000000000005,1.6500000000000001
2023-01-28,6.725416666666667,5.071666666666666,1.91
2023-01-29,3.7158333333333338,4.7004166666666665,1.2000000000000002
2023-01-30,3.0583333333333336,3.315,0.0
2023-01-31,2.57,2.30125,2.5300000000000002
2023-02-01,3.664615384615385,3.1950000000000003,6.01
2023-02-02,6.856153846153846,5.358461538461539,4.75
2023-02-03,4.492,1.6764000000000001,2.88
2023-02-04,4.296666666666667,3.9333333333333336,5.24
2023-02-05,3.194642857142857,9.241785714285713,8.62
2023-02-06,2.9796428571428573,10.468214285714286,18.76
2023-02-07,0.5608333333333334,6.6554166666666665,0.0
2023-02-08,1.2503225806451612,5.037741935483871,6.8
2023-02-09,2.270967741935484,5.149677419354839,7.73
2023-02-10,3.0529166666666665,5.260000000000001,0.0
2023-02-11,3.202916666666667,4.27375,0.0
2023-02-12,2.8958333333333335,2.3533333333333335,0.44
2023-02-13,4.295185185185185,3.188148148148148,1.58
2023-02-14,4.260833333333333,2.021666666666667,0.51
2023-02-15,4.8775,3.525,2.21
2023-02-16,5.31,2.0629166666666667,0.0
2023-02-17,7.960833333333333,5.027083333333334,0.0
2023-02-18,11.76,7.3445833333333335,0.0
2023-02-19,13.64125,7.684583333333333,0.0
2023-02-20,9.1036,4.4256,8.05
2023-02-21,10.50375,4.399166666666667,0.0
2023-02-22,11.899583333333332,4.522916666666666,0.0
2023-02-23,8.709166666666667,5.098333333333334,0.0
2023-02-24,7.857083333333333,2.8720833333333338,0.0
2023-02-25,12.447083333333333,4.385833333333333,0.0
2023-02-26,15.11875,3.595,0.0
2023-02-27,16.184583333333332,2.8466666666666662,0.14
2023-02-28,9.626666666666667,7.16,0.8300000000000001
2023-03-01,8.117083333333333,7.4816666666666665,0.12
2023-03-02,7.0616666666666665,6.430416666666667,0.0
2023-03-03,7.847083333333334,3.452083333333333,0.14
2023-03-04,9.312916666666668,1.9712500000000002,0.96
2023-03-05,9.777931034482759,2.8737931034482758,14.450000000000001
2023-03-06,9.5816,1.7284,0.4
2023-03-07,11.54125,2.6791666666666667,0.65
2023-03-08,12.812916666666666,2.99875,0.0
2023-03-09,14.231666666666667,6.36625,0.0
2023-03-10,15.01625,4.244583333333334,0.0
2023-03-11,14.1996,5.5076,7.47
2023-03-12,8.574583333333333,7.095,5.35
2023-03-13,6.878333333333334,7.202500000000001,0.0
2023-03-14,6.958333333333333,5.122083333333333,0.0
2023-03-15,9.921666666666667,1.9012499999999999,0.0
2023-03-16,10.42375,4.8879166666666665,4.62
2023-03-17,7.477037037037037,8.155185185185186,15.14
2023-03-18,7.29235294117647,4.901470588235294,10.11
2023-03-19,8.507083333333332,4.9402083333333335,10.33
2023-03-20,9.60125,2.1654166666666668,0.0
2023-03-21,10.305416666666668,4.17375,0.0
2023-03-22,9.205416666666666,5.38,7.14
2023-03-23,9.102500000000001,4.37375,0.0
2023-03-24,9.6525,3.4612499999999997,0.0
2023-03-25,10.151666666666667,1.8783333333333332,0.0
2023-03-26,11.617916666666666,1.8433333333333335,2.79
2023-03-27,14.698333333333332,3.6283333333333334,0.8400000000000001
2023-03-28,8.677666666666665,4.2026666666666666,27.12
2023-03-29,3.9183333333333334,3.8045833333333334,12.41
2023-03-30,5.150416666666667,2.59375,0.5700000000000001
2023-03-31,9.747083333333334,3.7383333333333333,0.54
2023-04-01,15.41375,4.48375,1.19
2023-04-02,14.374583333333334,4.009166666666666,8.87
2023-04-03,15.186250000000001,4.147916666666666,2.59
2023-04-04,13.012916666666667,2.2804166666666665,6.41
2023-04-05,7.631666666666667,4.929166666666666,5.66
2023-04-06,10.023333333333333,3.0654166666666662,4.1899999999999995
2023-04-07,8.709999999999999,5.07875,3.1
2023-04-08,9.706249999999999,5.595416666666666,0.0
2023-04-09,10.385833333333332,6.79375,1.27
2023-04-10,9.153333333333334,4.545,12.1
2023-04-11,9.146666666666667,5.508333333333333,8.29
2023-04-12,9.60125,5.509166666666666,14.42
2023-04-13,12.939166666666667,3.43625,2.16
2023-04-14,16.71291666666667,3.2475,0.0
2023-04-15,17.740416666666665,2.3420833333333335,1.33
2023-04-16,17.02958333333333,2.5283333333333333,0.53
2023-04-17,14.652500000000002,4.27375,0.21
2023-04-18,12.001249999999999,5.230416666666667,2.6100000000000003
2023-04-19,12.723333333333334,3.879583333333333,0.0
2023-04-20,12.854583333333332,2.6787500000000004,2.38
2023-04-21,13.235833333333334,2.9545833333333333,4.18
2023-04-22,13.236666666666666,4.304166666666666,0.0
2023-04-23,11.410416666666668,5.572083333333333,0.0
2023-04-24,12.765,2.1725,0.0
2023-04-25,15.890416666666667,3.200416666666667,0.31000000000000005
2023-04-26,14.6996,2.7392000000000003,6.74
2023-04-27,10.792142857142858,4.300357142857143,27.86
2023-04-28,10.878333333333332,3.6645833333333333,0.0
2023-04-29,10.927083333333334,2.4429166666666666,0.0
2023-04-30,12.768333333333333,2.7245833333333334,0.0
2023-05-01,15.081666666666665,3.1508333333333334,0.0
2023-05-02,15.847916666666668,6.666666666666667,0.0
2023-05-03,16.229166666666668,4.90875,0.12
2023-05-04,14.44625,4.698333333333333,3.87
2023-05-05,12.461199999999998,6.544,2.67
2023-05-06,12.795833333333334,5.079583333333333,3.08
2023-05-07,13.782916666666665,4.051666666666667,0.86
2023-05-08,13.783333333333333,4.687916666666667,0.0
2023-05-09,12.886666666666665,6.580416666666667,0.12
2023-05-10,12.27625,6.365416666666667,0.1
2023-05-11,12.301250000000001,7.459583333333334,0.0
2023-05-12,12.051250000000001,6.109583333333333,0.5
2023-05-13,13.574583333333335,4.095,0.0
2023-05-14,14.741666666666667,4.274166666666667,1.29
2023-05-15,19.187916666666666,3.575833333333333,0.0
2023-05-16,20.796799999999998,6.113200000000001,0.36
2023-05-17,16.215999999999998,4.505999999999999,8.74
2023-05-18,14.104000000000001,2.4353333333333333,2.7199999999999998
2023-05-19,14.597916666666668,2.765416666666667,1.8
2023-05-20,16.190416666666668,3.5375,0.25
2023-05-21,16.382083333333334,4.279166666666667,0.0
2023-05-22,17.006666666666668,5.745,0.0
2023-05-23,16.02541666666667,2.91625,0.16
2023-05-24,16.756249999999998,3.1966666666666668,0.0
2023-05-25,17.284583333333334,4.15125,1.0
2023-05-26,18.370833333333334,4.254583333333334,0.0
2023-05-27,18.245833333333334,5.50875,0.0
2023-05-28,17.256800000000002,6.2348,2.24
2023-05-29,17.92185185185185,5.372962962962963,0.93
2023-05-30,19.0668,3.1696,1.23
2023-05-31,20.173333333333336,4.4799999999999995,0.0
2023-06-01,19.524166666666666,6.124583333333334,0.0
2023-06-02,20.990833333333335,6.472916666666666,0.0
2023-06-03,19.47458333333333,5.101666666666667,2.22
2023-06-04,18.187916666666666,4.245416666666666,5.08
2023-06-05,18.601666666666667,5.20875,0.0
2023-06-06,19.66375,7.11625,0.0
2023-06-07,19.365,6.880833333333334,0.0
2023-06-08,19.791666666666668,6.32375,0.0
2023-06-09,20.20875,4.45875,0.0
2023-06-10,20.65041666666667,3.3662500000000004,0.0
2023-06-11,20.551666666666666,3.7445833333333334,0.0
2023-06-12,19.793333333333333,5.25125,0.47000000000000003
2023-06-13,19.5825,5.614999999999999,0.0
2023-06-14,19.683333333333334,3.4295833333333334,0.0
2023-06-15,21.69333333333333,5.252083333333333,0.0
2023-06-16,22.9725,6.30125,0.0
2023-06-17,21.766666666666666,4.245,0.16
2023-06-18,22.288749999999997,4.090416666666667,2.1
2023-06-19,22.652083333333334,3.6008333333333336,16.43
2023-06-20,21.824583333333333,3.22125,3.34
2023-06-21,22.0725,3.5862499999999997,0.0
2023-06-22,22.89125,4.2825,0.0
2023-06-23,23.943749999999998,5.5945833333333335,0.0
2023-06-24,24.284166666666668,6.023333333333333,0.0
2023-06-25,23.149583333333336,5.294583333333333,0.0
2023-06-26,22.96666666666667,3.6666666666666665,0.11
2023-06-27,23.845,4.785833333333334,0.54
2023-06-28,24.264166666666668,3.408333333333333,0.0
2023-06-29,20.579166666666666,5.187083333333333,0.79
2023-06-30,21.741666666666664,3.0654166666666662,0.0
2023-07-01,23.243333333333336,3.4945833333333334,0.0
2023-07-02,25.25,2.5604166666666663,0.0
2023-07-03,25.49791666666667,5.016666666666667,0.0
2023-07-04,25.423750000000002,5.787916666666667,0.0
2023-07-05,24.54041666666667,6.1312500000000005,0.0
2023-07-06,25.605416666666667,4.75875,1.2
2023-07-07,26.21166666666667,2.8066666666666666,0.16
2023-07-08,23.4304,4.6708,24.51
2023-07-09,21.251250000000002,3.6016666666666666,1.57
2023-07-10,23.812916666666666,2.250833333333333,0.0
2023-07-11,25.09125,2.700833333333333,0.0
2023-07-12,26.743333333333336,3.5375,0.0
2023-07-13,28.34375,2.2470833333333333,0.0
2023-07-14,28.499583333333334,3.8025,0.0
2023-07-15,26.798333333333332,6.172916666666667,0.0
2023-07-16,24.91208333333333,6.431666666666666,0.0
2023-07-17,24.857916666666668,6.62375,0.0
2023-07-18,24.540833333333335,5.615833333333334,0.0
2023-07-19,25.27916666666667,4.74125,0.0
2023-07-20,27.37125,3.4745833333333334,0.0
2023-07-21,27.186666666666667,3.9445833333333336,0.0
2023-07-22,27.28125,2.250833333333333,0.0
2023-07-23,29.001666666666665,3.5416666666666665,0.0
2023-07-24,25.815416666666668,4.9937499999999995,0.6799999999999999
2023-07-25,26.784583333333334,2.4316666666666666,0.0
2023-07-26,30.85166666666667,2.73375,0.0
2023-07-27,24.534166666666668,6.447500000000001,6.58
2023-07-28,22.545416666666668,3.3662500000000004,0.0
2023-07-29,23.11,5.144583333333333,0.0
2023-07-30,23.168333333333333,5.230416666666667,0.0
2023-07-31,23.682083333333335,5.0375000000000005,0.0
2023-08-01,24.44125,4.43625,0.0
2023-08-02,25.40375,2.09,0.0
2023-08-03,29.012916666666666,2.733333333333333,0.0
2023-08-04,29.64833333333333,6.302083333333333,0.0
2023-08-05,27.223333333333333,4.788333333333333,0.0
2023-08-06,28.172916666666666,4.116666666666666,0.0
2023-08-07,26.72583333333333,4.114583333333333,0.0
2023-08-08,24.578333333333333,8.38125,0.35
2023-08-09,23.10083333333333,7.802916666666667,1.49
2023-08-10,23.581666666666667,2.83,1.9
2023-08-11,23.085833333333337,5.520833333333333,3.01
2023-08-12,23.887916666666666,7.802499999999999,0.0
2023-08-13,24.777083333333334,8.167083333333332,0.59
2023-08-14,25.215416666666666,6.709166666666667,0.74
2023-08-15,25.52,2.8945833333333333,0.0
2023-08-16,26.026666666666667,4.4158333333333335,0.0
2023-08-17,26.211250000000003,7.416666666666667,0.0
2023-08-18,26.650000000000002,8.87375,0.0
2023-08-19,26.3475,9.430833333333334,0.0
2023-08-20,26.81375,6.1312500000000005,0.0
2023-08-21,26.6425,5.295833333333333,0.0
2023-08-22,27.70125,6.96625,0.0
2023-08-23,27.162499999999998,6.9875,0.0
2023-08-24,26.180833333333336,6.6025,0.0
2023-08-25,26.123333333333335,6.2804166666666665,0.0
2023-08-26,26.404583333333335,7.416250000000001,0.0
2023-08-27,25.137083333333333,5.808333333333334,0.0
2023-08-28,24.652083333333334,4.4799999999999995,0.0
2023-08-29,26.26833333333333,4.894583333333333,0.0
2023-08-30,26.841250000000002,2.887916666666667,0.0
2023-08-31,27.38625,3.026666666666667,0.0
2023-09-01,25.673333333333332,4.7004166666666665,9.44
2023-09-02,25.516666666666666,6.730416666666667,0.62
2023-09-03,23.71666666666667,5.329166666666667,1.82
2023-09-04,23.578333333333333,5.34625,0.11
2023-09-05,24.6875,7.217083333333334,0.0
2023-09-06,24.485416666666666,7.330416666666667,0.0
2023-09-07,24.549166666666668,7.779583333333334,0.0
2023-09-08,23.40041666666667,6.91125,0.4
2023-09-09,22.062083333333334,6.729583333333333,0.0
2023-09-10,22.227500000000003,6.923333333333333,0.0
2023-09-11,21.055,6.238333333333333,0.0
2023-09-12,21.449583333333333,5.6175,0.0
2023-09-13,21.209583333333335,4.607916666666667,0.0
2023-09-14,21.261666666666667,4.127916666666667,0.0
2023-09-15,21.50916666666667,3.9012499999999997,0.0
2023-09-16,21.932083333333335,5.423750000000001,0.0
2023-09-17,21.912916666666664,6.089166666666666,0.0
2023-09-18,20.5125,6.302083333333333,0.0
2023-09-19,20.96,4.844166666666667,0.0
2023-09-20,20.150833333333335,3.892916666666667,0.0
2023-09-21,20.485833333333336,3.814583333333333,0.0
2023-09-22,21.912499999999998,2.4908333333333332,0.0
2023-09-23,24.5725,3.0254166666666666,0.0
2023-09-24,23.971666666666668,5.46625,0.0
2023-09-25,22.985416666666666,7.309166666666667,0.0
2023-09-26,22.791666666666668,6.986666666666667,0.0
2023-09-27,22.452916666666667,6.234583333333333,0.0
2023-09-28,21.654583333333335,2.9579166666666663,0.62
2023-09-29,20.8492,2.5107999999999997,13.02
2023-09-30,20.395,2.4457692307692307,16.62
2023-10-01,18.84344827586207,3.07,33.95
2023-10-02,18.607083333333332,3.79125,1.3599999999999999
2023-10-03,18.682916666666667,4.2595833333333335,0.0
2023-10-04,18.21125,3.8333333333333335,0.0
2023-10-05,18.169999999999998,4.430833333333333,0.0
2023-10-06,18.813750000000002,4.180416666666667,0.0
2023-10-07,19.644583333333333,4.394583333333333,0.0
2023-10-08,19.007916666666667,2.8491666666666666,0.0
2023-10-09,16.17833333333333,6.0225,0.75
2023-10-10,15.644583333333335,3.1174999999999997,0.0
2023-10-11,15.897916666666667,5.833749999999999,0.0
2023-10-12,16.890833333333333,3.9658333333333338,0.0
2023-10-13,16.927083333333332,2.765416666666667,0.0
2023-10-14,18.039166666666667,4.009166666666666,0.0
2023-10-15,17.599166666666665,1.9720833333333332,0.0
2023-10-16,15.366666666666667,4.84375,3.1
2023-10-17,15.925416666666665,5.809166666666666,0.27
2023-10-18,14.686666666666667,3.3008333333333333,9.94
2023-10-19,15.782083333333333,1.9283333333333335,0.0
2023-10-20,19.131666666666668,5.144583333333333,0.0
2023-10-21,21.974999999999998,4.8654166666666665,0.0
2023-10-22,20.72041666666667,1.1954166666666668,0.0
2023-10-23,20.607499999999998,1.2945833333333334,0.0
2023-10-24,18.837500000000002,2.017916666666667,0.0
2023-10-25,19.735833333333336,3.7099999999999995,0.0
2023-10-26,22.31625,3.2762499999999997,0.0
2023-10-27,22.349999999999998,4.9887500000000005,0.0
2023-10-28,22.986666666666668,3.6008333333333336,0.0
2023-10-29,21.005,3.3654166666666665,0.0
2023-10-30,20.013333333333332,5.273333333333333,0.0
2023-10-31,19.346666666666668,1.6937499999999999,0.0
2023-11-01,19.690416666666668,2.7529166666666662,0.0
2023-11-02,17.44625,3.3195833333333336,11.77
2023-11-03,20.30125,3.3225,0.26
2023-11-04,22.736923076923077,4.59,4.06
2023-11-05,19.77125,6.002083333333334,0.0
2023-11-06,20.864166666666666,4.341666666666667,0.0
2023-11-07,19.294999999999998,2.2391666666666667,0.0
2023-11-08,18.5825,1.415,0.0
2023-11-09,13.678799999999999,4.96,8.75
2023-11-10,14.568750000000001,2.1654166666666668,0.13
2023-11-11,17.6,5.409677419354838,46.6
2023-11-12,16.63125,1.8658333333333335,0.24
2023-11-13,14.363750000000001,2.464583333333333,27.02
2023-11-14,12.468333333333334,2.165,0.0
2023-11-15,16.461666666666666,4.0725,4.07
2023-11-16,12.566249999999998,2.8937500000000003,13.25
2023-11-17,12.835416666666667,1.8645833333333333,0.0
2023-11-18,10.834642857142857,6.411428571428572,50.49
2023-11-19,5.331666666666666,5.0375,30.82
2023-11-20,10.46375,3.9975,4.32
2023-11-21,13.362916666666665,1.5866666666666667,0.41000000000000003
2023-11-22,16.219166666666666,1.9929166666666667,4.43
2023-11-23,12.752,4.3424000000000005,7.12
2023-11-24,15.217307692307692,3.7203846153846154,0.44999999999999996
2023-11-25,16.700833333333332,5.97375,0.0
2023-11-26,7.8816,6.3324,5.1899999999999995
2023-11-27,5.017916666666667,5.101249999999999,0.13
2023-11-28,10.37125,6.280833333333334,2.13
2023-11-29,13.702258064516128,4.7138709677419355,52.36
2023-11-30,10.444166666666666,4.516666666666667,3.55
2023-12-01,15.740833333333335,5.895,0.0
2023-12-02,17.855,6.21625,0.0
2023-12-03,17.88625,4.8875,0.0
2023-12-04,9.52962962962963,7.44962962962963,10.9
2023-12-05,9.76,5.101249999999999,0.61
2023-12-06,9.944166666666666,4.1575,2.88
2023-12-07,11.12741935483871,2.8716129032258064,8.46
2023-12-08,7.730769230769231,8.193076923076923,11.26
2023-12-09,6.33,7.3672,13.62
2023-12-10,7.469166666666666,3.21625,0.0
2023-12-11,9.499583333333334,3.7091666666666665,0.0
2023-12-12,9.888333333333334,2.2070833333333333,0.39
2023-12-13,11.040833333333333,1.6287500000000001,0.0
2023-12-14,14.468333333333334,3.160833333333333,0.0
2023-12-15,11.2675,6.259166666666666,3.17
2023-12-16,7.920799999999999,9.0756,15.56
2023-12-17,6.552499999999999,6.297499999999999,0.5
2023-12-18,6.166250000000001,1.9541666666666666,0.0
2023-12-19,7.615833333333334,1.2154166666666666,0.0
2023-12-20,9.266666666666667,2.445,0.0
2023-12-21,11.042916666666665,3.1329166666666666,7.16
2023-12-22,10.237916666666667,4.265833333333333,9.63
2023-12-23,11.072916666666666,6.06625,3.4299999999999997
2023-12-24,12.094166666666666,4.45,1.51
2023-12-25,14.455416666666666,6.424166666666667,0.0
2023-12-26,13.9475,5.608750000000001,0.0
2023-12-27,13.114583333333334,3.735416666666667,0.18
2023-12-28,9.668333333333333,1.9354166666666666,0.0
2023-12-29,9.860416666666667,2.2579166666666666,0.0
2023-12-30,11.924999999999999,1.8466666666666667,0.0
2023-12-31,12.96,1.3845833333333333,0.66
2024-01-01,13.321666666666667,2.59875,0.21
2024-01-02,12.000416666666666,4.1225,6.21
2024-01-03,12.217916666666667,3.6970833333333335,1.1600000000000001
2024-01-04,13.89625,5.2725,6.83
2024-01-05,11.70125,3.172083333333333,0.78
2024-01-06,12.551666666666668,2.0716666666666668,0.0
2024-01-07,12.636666666666665,5.740833333333334,1.75
2024-01-08,11.0208,6.5232,6.33
2024-01-09,4.3410714285714285,8.762142857142857,17.15
2024-01-10,4.027916666666667,8.788333333333332,6.54
2024-01-11,4.306666666666667,3.045,0.22
2024-01-12,3.5992592592592594,5.372962962962963,3.02
2024-01-13,1.2633333333333334,2.7441666666666666,0.0
2024-01-14,3.442083333333333,3.5574999999999997,0.0
2024-01-15,9.150416666666667,4.11625,0.0
2024-01-16,9.500416666666666,4.758333333333334,5.32
2024-01-17,8.768333333333333,2.01375,0.0
2024-01-18,12.53125,3.5583333333333336,0.0
2024-01-19,14.570416666666667,4.04125,7.93
2024-01-20,7.447500000000001,7.37375,20.47
2024-01-21,4.905,8.1675,2.38
2024-01-22,4.289166666666667,5.675,0.54
2024-01-23,4.233333333333333,4.095,0.0
2024-01-24,5.3116666666666665,3.01,0.0
2024-01-25,7.0632,3.6836,3.39
2024-01-26,6.663200000000001,2.6548000000000003,2.61
2024-01-27,6.05125,3.5570833333333334,7.91
2024-01-28,4.7924999999999995,4.445416666666667,5.9
2024-01-29,2.7813333333333334,3.707333333333333,14.29
2024-01-30,3.925925925925926,6.80962962962963,2.64
2024-01-31,5.317916666666667,6.320833333333333,0.12
2024-02-01,5.757083333333334,4.029583333333333,0.1
2024-02-02,5.750416666666666,3.0058333333333334,0.1
2024-02-03,6.4245833333333335,2.1866666666666665,0.0
2024-02-04,8.71875,4.22375,0.94
2024-02-05,11.924999999999999,6.665833333333333,0.0
2024-02-06,13.102083333333333,5.1137500000000005,0.0
2024-02-07,12.742083333333333,6.477083333333333,0.0
2024-02-08,14.214166666666666,4.374583333333333,0.0
2024-02-09,13.424583333333333,3.795,0.0
2024-02-10,13.525833333333333,4.828333333333333,0.0
2024-02-11,15.933333333333332,4.073333333333333,0.0
2024-02-12,14.050833333333335,3.7937499999999997,3.6100000000000003
2024-02-13,10.725416666666666,3.580833333333333,4.71
2024-02-14,8.520833333333334,6.451666666666667,4.92
2024-02-15,7.1433333333333335,6.429583333333333,21.34
2024-02-16,7.22,4.0956,3.89
2024-02-17,6.584583333333334,5.100416666666667,0.32
2024-02-18,6.381666666666667,3.32375,0.0
2024-02-19,6.718333333333334,3.8804166666666666,0.0
2024-02-20,6.2558333333333325,4.629166666666666,0.0
2024-02-21,6.166666666666667,2.271666666666667,0.0
2024-02-22,7.677083333333333,1.545,0.0
2024-02-23,11.814583333333333,2.5437499999999997,0.0
2024-02-24,13.746250000000002,2.3020833333333335,0.0
2024-02-25,13.779583333333333,2.2845833333333334,0.0
2024-02-26,11.803333333333335,4.6175,0.0
2024-02-27,8.709999999999999,4.2225,0.0
2024-02-28,8.696250000000001,4.135833333333333,0.0
2024-02-29,8.922916666666667,4.867916666666667,0.0
2024-03-01,8.934583333333334,4.866666666666666,0.0
2024-03-02,9.677916666666667,3.19875,0.18
2024-03-03,9.924166666666666,3.2358333333333333,1.03
2024-03-04,10.56,2.4154166666666668,0.0
2024-03-05,10.68,3.6445833333333333,3.2
2024-03-06,8.059583333333334,3.858333333333333,1.56
2024-03-07,7.807083333333334,3.04125,0.14
2024-03-08,6.568333333333334,4.885833333333333,9.17
2024-03-09,6.940416666666667,3.2808333333333333,2.16
2024-03-10,7.81625,1.8425,0.0
2024-03-11,10.948333333333332,2.145,0.0
2024-03-12,12.9275,2.6320833333333336,2.9
2024-03-13,10.748333333333333,3.3091666666666666,1.08
2024-03-14,11.21625,2.5725000000000002,3.37
2024-03-15,8.027083333333334,4.56625,7.59
2024-03-16,8.736666666666666,3.5375,0.0
2024-03-17,8.59375,4.479583333333333,0.0
2024-03-18,8.5925,1.8504166666666668,0.0
2024-03-19,10.10125,4.272083333333334,0.0
2024-03-20,6.5325,5.934583333333333,5.4
2024-03-21,7.075833333333333,2.6158333333333332,2.44
2024-03-22,6.545416666666667,3.407916666666667,5.64
2024-03-23,7.465833333333333,1.8858333333333333,0.0
2024-03-24,10.525,3.142916666666667,0.0
2024-03-25,9.8808,3.8160000000000003,14.51
2024-03-26,10.46125,3.094583333333333,0.0
2024-03-27,14.938333333333333,2.735416666666667,0.39
2024-03-28,16.694583333333334,3.172916666666667,0.0
2024-03-29,16.201666666666668,2.5429166666666667,0.0
2024-03-30,17.27,1.67,0.0
2024-03-31,17.09875,2.3541666666666665,0.0
2024-04-01,18.05,2.717083333333333,0.0
2024-04-02,19.23375,3.486666666666667,0.0
2024-04-03,17.079166666666666,4.93,0.0
2024-04-04,15.538333333333334,4.63875,0.0
2024-04-05,14.609166666666667,2.6820833333333334,0.0
2024-04-06,14.663333333333334,2.9266666666666663,0.0
2024-04-07,13.635,5.8525,0.33
2024-04-08,13.509583333333333,6.708749999999999,0.0
2024-04-09,13.937916666666666,4.482916666666667,0.0
2024-04-10,13.313749999999999,5.01625,0.0
2024-04-11,14.844583333333333,4.930833333333333,0.0
2024-04-12,16.250416666666666,4.814583333333333,0.0
2024-04-13,15.77375,3.9483333333333337,0.0
2024-04-14,16.142083333333336,2.098333333333333,0.0
2024-04-15,18.40041666666667,2.20375,0.0
2024-04-16,21.159166666666668,3.7291666666666665,0.0
2024-04-17,21.401666666666667,2.8166666666666664,0.18
2024-04-18,16.923750000000002,4.680416666666667,0.66
2024-04-19,12.890833333333333,5.4875,3.16
2024-04-20,12.6984,6.1112,34.94
2024-04-21,14.27125,2.59,0.0
2024-04-22,16.28708333333333,4.49875,0.0
2024-04-23,18.226666666666667,6.175,0.44
2024-04-24,19.828333333333333,2.3804166666666666,0.0
2024-04-25,18.68,2.6104166666666666,0.0
2024-04-26,16.635416666666668,4.597916666666666,0.0
2024-04-27,14.57875,7.995,0.12
2024-04-28,14.012916666666667,5.314166666666666,6.99
2024-04-29,13.68125,4.2875000000000005,0.1
2024-04-30,15.018928571428571,5.861071428571429,1.45
2024-05-01,13.597575757575756,5.892727272727273,6.29
2024-05-02,13.969583333333333,2.487083333333333,0.49
2024-05-03,14.842500000000001,2.097916666666667,5.72
2024-05-04,13.822083333333333,3.61,3.0999999999999996
2024-05-05,13.693333333333333,6.045416666666667,0.0
2024-05-06,13.065,2.13375,0.0
2024-05-07,16.51125,2.0316666666666667,0.0
2024-05-08,18.212500000000002,4.2025,0.0
2024-05-09,14.90375,5.508333333333333,0.0
2024-05-10,14.765999999999998,7.6344,1.8900000000000001
2024-05-11,13.386666666666667,5.992222222222222,1.67
2024-05-12,14.710416666666667,3.53375,0.0
2024-05-13,12.274583333333332,4.973333333333334,4.69
2024-05-14,12.583333333333334,3.044583333333333,0.0
2024-05-15,13.852916666666667,5.1450000000000005,0.0
2024-05-16,14.42125,4.908333333333333,0.33
2024-05-17,16.681250000000002,5.765416666666667,0.5900000000000001
2024-05-18,16.870416666666667,3.8866666666666667,0.0
2024-05-19,16.870833333333334,6.495416666666667,0.0
2024-05-20,17.0975,5.552499999999999,0.0
2024-05-21,17.36,4.350833333333333,0.0
2024-05-22,18.614166666666666,5.055416666666667,0.77
2024-05-23,17.395599999999998,3.8608,3.9699999999999998
2024-05-24,17.170833333333334,3.4516666666666667,0.19
2024-05-25,18.665,4.738333333333333,0.0
2024-05-26,17.985416666666666,6.73125,0.0
2024-05-27,16.47791666666667,3.8366666666666664,0.14
2024-05-28,16.974999999999998,3.3991666666666664,0.0
2024-05-29,19.290416666666665,2.2154166666666666,0.0
2024-05-30,20.879583333333333,2.240416666666667,0.0
2024-05-31,22.448333333333334,1.8670833333333334,0.0
2024-06-01,23.987083333333334,1.9258333333333333,0.0
2024-06-02,24.882499999999997,1.8858333333333333,0.0
2024-06-03,26.38,3.705833333333333,0.0
2024-06-04,25.752916666666668,2.9129166666666664,0.0
2024-06-05,25.99625,4.017083333333333,0.0
2024-06-06,24.42,5.65875,0.0
2024-06-07,24.08,7.137083333333333,0.0
2024-06-08,23.208333333333332,6.259166666666666,0.0
2024-06-09,24.031666666666666,5.1450000000000005,0.0
2024-06-10,24.30666666666667,2.652083333333333,0.0
2024-06-11,26.834166666666665,2.439583333333333,0.0
2024-06-12,28.048333333333332,4.7575,0.0
2024-06-13,27.934583333333332,2.95875,0.0
2024-06-14,25.337307692307693,5.309230769230769,8.59
2024-06-15,21.682916666666667,3.6649999999999996,0.27
2024-06-16,23.473333333333333,4.2875000000000005,0.0
2024-06-17,24.549583333333334,5.144166666666667,0.0
2024-06-18,24.592083333333335,7.522916666666667,0.0
2024-06-19,24.48,7.352083333333333,0.0
2024-06-20,24.803749999999997,6.472916666666666,0.0
2024-06-21,25.050833333333333,7.158333333333334,0.0
2024-06-22,23.72375,7.529583333333334,0.0
2024-06-23,23.334999999999997,7.116666666666667,0.0
2024-06-24,23.540000000000003,6.180833333333333,0.0
2024-06-25,23.38291666666667,6.517499999999999,0.0
2024-06-26,23.58791666666667,6.8379166666666675,0.0
2024-06-27,23.523333333333337,7.05125,0.0
2024-06-28,23.450833333333335,7.309166666666666,0.0
2024-06-29,24.2925,7.493333333333333,0.0
2024-06-30,25.247083333333332,5.917083333333333,0.0
2024-07-01,24.75583333333333,6.1745833333333335,0.0
2024-07-02,26.152916666666666,3.887083333333333,0.0
2024-07-03,25.717916666666667,6.001666666666666,0.0
2024-07-04,24.18185185185185,5.257777777777778,7.33
2024-07-05,23.152800000000003,3.3339999999999996,11.64
2024-07-06,24.045833333333334,5.994583333333334,0.13
2024-07-07,25.8075,6.173333333333333,0.0
2024-07-08,26.19333333333333,6.173749999999999,0.0
2024-07-09,27.71291666666667,5.509166666666666,0.0
2024-07-10,27.595,4.223333333333334,0.0
2024-07-11,26.021379310344827,2.9479310344827585,11.5
2024-07-12,26.675833333333333,4.26625,0.25
2024-07-13,26.928749999999997,4.652083333333334,0.0
2024-07-14,26.859583333333333,5.980416666666667,0.0
2024-07-15,26.940833333333334,5.1658333333333335,0.0
2024-07-16,27.735833333333332,5.659166666666667,0.0
2024-07-17,28.846666666666668,4.525416666666667,0.0
2024-07-18,29.157083333333333,5.3875,0.0
2024-07-19,28.31625,5.702083333333333,0.0
2024-07-20,28.40416666666667,5.680416666666667,0.19
2024-07-21,28.147499999999997,5.808333333333334,0.0
2024-07-22,28.978333333333335,5.016666666666667,0.0
2024-07-23,27.71375,5.723333333333334,0.24
2024-07-24,27.217083333333335,6.322916666666667,0.33
2024-07-25,26.635416666666668,6.066666666666666,0.48
2024-07-26,24.218400000000003,4.578399999999999,13.81
2024-07-27,23.8008,4.502,3.3
2024-07-28,26.187916666666666,5.915833333333333,0.0
2024-07-29,27.327083333333334,6.494166666666666,0.0
2024-07-30,25.57875,7.138333333333333,0.0
2024-07-31,24.476249999999997,5.724166666666666,0.0
2024-08-01,24.174166666666668,6.2175,0.0
2024-08-02,24.81041666666667,5.444166666666667,0.0
2024-08-03,25.432083333333335,3.4241666666666664,0.0
2024-08-04,26.584999999999997,4.565,0.0
2024-08-05,25.614583333333332,5.616666666666667,0.11
2024-08-06,25.934583333333336,3.564583333333333,0.0
2024-08-07,24.578333333333333,4.8025,0.0
2024-08-08,24.61,4.89375,0.0
2024-08-09,25.89375,5.122083333333333,0.1
2024-08-10,26.577916666666667,6.007916666666667,0.8300000000000001
2024-08-11,26.745416666666667,5.4870833333333335,0.0
2024-08-12,26.627916666666668,5.872916666666666,0.0
2024-08-13,27.895833333333332,6.28,0.0
2024-08-14,28.29625,8.487916666666667,0.0
2024-08-15,25.837083333333336,6.687916666666666,0.0
2024-08-16,24.812916666666666,6.6875,0.0
2024-08-17,24.45041666666667,6.795416666666667,0.0
2024-08-18,24.48166666666667,5.274583333333333,0.0
2024-08-19,24.895833333333332,3.5795833333333333,0.0
2024-08-20,25.362916666666667,4.224583333333333,0.0
2024-08-21,25.281666666666666,5.522083333333334,0.32
2024-08-22,26.165833333333335,3.922916666666667,0.0
2024-08-23,26.78375,4.95125,0.0
2024-08-24,25.855833333333333,5.467083333333334,0.0
2024-08-25,25.646666666666665,6.1308333333333325,0.0
2024-08-26,26.474999999999998,5.229583333333333,0.0
2024-08-27,25.770833333333332,5.617083333333333,0.27
2024-08-28,24.084166666666665,3.64625,2.3
2024-08-29,24.473333333333333,3.1941666666666664,1.17
2024-08-30,23.55666666666667,3.579166666666667,1.59
2024-08-31,24.31041666666667,3.1529166666666666,1.51
2024-09-01,23.878400000000003,3.68,1.6400000000000001
2024-09-02,23.282400000000003,3.0263999999999998,4.9
2024-09-03,24.540000000000003,3.00125,0.25
2024-09-04,24.330416666666668,4.609166666666667,0.12
2024-09-05,24.133333333333336,3.8020833333333335,0.0
2024-09-06,23.93958333333333,4.287083333333333,0.0
2024-09-07,23.050000000000004,2.5534615384615384,3.03
2024-09-08,22.5748,3.3952,4.87
2024-09-09,23.30666666666667,3.98625,0.0
2024-09-10,25.05333333333333,2.280416666666667,0.0
2024-09-11,25.554583333333337,2.7862500000000003,0.47
2024-09-12,25.25375,3.140416666666667,0.6
2024-09-13,25.969166666666666,2.4704166666666665,0.0
2024-09-14,27.03125,2.2904166666666668,0.47
2024-09-15,22.33791666666667,3.9491666666666667,6.01
2024-09-16,20.968333333333334,3.3045833333333334,0.27
2024-09-17,21.097916666666666,5.294583333333334,1.15
2024-09-18,21.394583333333333,5.315416666666667,1.05
2024-09-19,20.80666666666667,5.467083333333334,0.11
2024-09-20,20.81,4.630416666666666,3.77
2024-09-21,20.116,4.4572,1.6800000000000002
2024-09-22,19.657500000000002,3.890833333333333,0.0
2024-09-23,19.575416666666666,2.754583333333333,0.29
2024-09-24,20.27541666666667,3.1062499999999997,0.0
2024-09-25,21.049583333333334,3.0279166666666666,0.0
2024-09-26,20.900000000000002,3.5883333333333334,0.0
2024-09-27,21.509583333333335,4.067916666666666,0.0
2024-09-28,22.113333333333333,4.145416666666667,0.0
2024-09-29,21.862800000000004,3.872,18.15
2024-09-30,16.445555555555558,4.214074074074074,23.04
2024-10-01,16.182916666666667,3.6566666666666667,0.0
2024-10-02,17.794166666666666,3.4158333333333335,0.0
2024-10-03,19.142500000000002,1.9124999999999999,0.0
2024-10-04,21.7375,1.9516666666666669,0.0
2024-10-05,24.57625,1.7616666666666667,0.0
2024-10-06,23.54416666666667,1.8087499999999999,0.2
2024-10-07,19.235599999999998,3.8344,1.93
2024-10-08,19.555833333333332,4.4816666666666665,0.0
2024-10-09,20.47791666666667,2.8662499999999995,0.0
2024-10-10,21.954583333333332,2.6366666666666667,0.0
2024-10-11,22.934166666666666,1.9333333333333333,0.0
2024-10-12,19.3548,5.2068,19.720000000000002
2024-10-13,16.716666666666665,5.359583333333333,0.0
2024-10-14,16.03625,3.8316666666666666,0.0
2024-10-15,16.854166666666668,4.63,0.0
2024-10-16,15.441249999999998,4.974166666666666,2.84
2024-10-17,12.726666666666667,4.632916666666667,3.58
2024-10-18,12.392083333333332,4.4366666666666665,2.0300000000000002
2024-10-19,11.63,3.1979166666666665,0.0
2024-10-20,12.392916666666666,3.9912500000000004,0.0
2024-10-21,12.85375,4.23375,0.0
2024-10-22,12.858333333333334,3.7516666666666665,0.12
2024-10-23,13.880416666666667,4.490833333333334,0.0
2024-10-24,13.729583333333332,4.502083333333333,0.0
2024-10-25,13.833333333333334,5.120416666666666,0.0
2024-10-26,13.461666666666666,5.097916666666666,0.0
2024-10-27,14.558749999999998,5.015416666666667,0.0
2024-10-28,13.432083333333333,2.69,0.0
2024-10-29,14.78375,3.9499999999999997,0.0
2024-10-30,15.305833333333332,5.2075000000000005,0.11
2024-10-31,13.938333333333333,4.6975,0.0
2024-11-01,14.104583333333332,4.522916666666666,0.0
2024-11-02,13.726666666666667,2.3658333333333332,0.0
2024-11-03,11.64625,5.6812499999999995,0.76
2024-11-04,10.339166666666666,2.1720833333333336,0.0
2024-11-05,10.845833333333333,4.754166666666666,0.0
2024-11-06,10.854999999999999,5.588333333333334,0.0
2024-11-07,11.984583333333333,5.942083333333334,0.0
2024-11-08,12.772499999999999,5.467083333333334,0.0
2024-11-09,11.941249999999998,5.502083333333334,0.61
2024-11-10,11.292916666666665,5.4316666666666675,2.12
2024-11-11,13.145000000000001,3.4875000000000003,0.0
2024-11-12,13.560416666666667,5.678333333333334,0.0
2024-11-13,13.141666666666666,4.672916666666667,2.67
2024-11-14,13.306249999999999,4.3741666666666665,1.12
2024-11-15,11.858518518518519,4.821111111111111,9.81
2024-11-16,9.939166666666667,7.717083333333334,1.84
2024-11-17,11.064583333333333,5.485833333333333,0.0
2024-11-18,11.930399999999999,1.8488,0.6000000000000001
2024-11-19,11.526666666666666,1.735,0.0
2024-11-20,13.815,4.264583333333333,0.0
2024-11-21,12.3676,6.6968000000000005,24.77
2024-11-22,13.3375,4.24875,0.0
2024-11-23,7.274166666666667,6.835833333333333,25.78
2024-11-24,5.310769230769231,3.957307692307692,3.03
2024-11-25,6.279583333333334,3.04625,0.11
2024-11-26,7.47,1.4995833333333335,0.0
2024-11-27,9.017083333333334,2.4216666666666664,0.6900000000000001
2024-11-28,9.137916666666667,1.43875,0.1
2024-11-29,10.909999999999998,1.6500000000000001,0.0
2024-11-30,11.244166666666667,3.9779166666666668,0.0
2024-12-01,11.064583333333333,7.672083333333333,0.32
2024-12-02,10.055416666666666,3.9441666666666664,1.4
2024-12-03,9.934166666666666,4.8445833333333335,3.43
2024-12-04,9.300416666666667,2.315,3.75
2024-12-05,9.4124,3.8904,0.11
2024-12-06,10.882916666666667,2.637916666666667,0.0
2024-12-07,13.965416666666668,4.865,0.11
2024-12-08,13.475416666666666,2.6795833333333334,3.19
2024-12-09,14.71375,2.513333333333333,6.26
2024-12-10,14.21269230769231,3.8753846153846156,15.27
2024-12-11,9.6464,4.0532,12.14
2024-12-12,7.77625,3.4716666666666662,1.72
2024-12-13,6.510416666666667,4.50125,1.61
2024-12-14,6.33625,2.950416666666667,0.0
2024-12-15,8.24076923076923,2.741923076923077,19.71
2024-12-16,7.471666666666667,2.765833333333333,2.64
2024-12-17,9.167083333333332,4.094166666666667,0.0
2024-12-18,9.965833333333334,2.6374999999999997,0.0
2024-12-19,9.0525,1.43,0.0
2024-12-20,11.387500000000001,2.569166666666667,0.0
2024-12-21,11.332083333333332,2.9145833333333333,4.9399999999999995
2024-12-22,6.515,2.635,3.2199999999999998
2024-12-23,9.427083333333334,2.200833333333333,0.0
2024-12-24,11.70125,3.1941666666666664,6.28
2024-12-25,11.863333333333332,4.327916666666667,3.2
2024-12-26,10.37875,7.34125,3.48
2024-12-27,5.84625,6.859999999999999,6.0600000000000005
2024-12-28,6.4312499999999995,6.173749999999999,0.53
2024-12-29,6.891034482758621,7.592413793103448,2.2600000000000002
2024-12-30,6.702916666666667,5.507916666666667,1.0899999999999999
2024-12-31,6.910833333333333,2.8941666666666666,0.11
2025-01-01,6.93875,1.7791666666666668,0.0
2025-01-02,8.833333333333334,3.2158333333333338,0.0
2025-01-03,11.905833333333334,5.2725,0.0
2025-01-04,8.5596,6.166,9.38
2025-01-05,6.749583333333334,3.388333333333333,0.0
2025-01-06,7.727916666666666,2.2758333333333334,0.0
2025-01-07,12.173333333333334,3.9020833333333336,0.0
2025-01-08,13.56,2.910833333333333,0.0
2025-01-09,13.098333333333334,1.5429166666666667,0.0
2025-01-10,13.061250000000001,1.9716666666666667,0.0
2025-01-11,8.512916666666667,5.5945833333333335,12.41
2025-01-12,7.02625,6.06625,9.24
2025-01-13,5.570833333333333,7.739166666666667,23.39
2025-01-14,5.949583333333333,7.503333333333334,5.5
2025-01-15,6.087916666666666,7.202916666666667,9.76
2025-01-16,5.136666666666667,5.945,1.64
2025-01-17,4.977916666666666,2.30125,0.0
2025-01-18,5.571666666666666,1.7141666666666666,0.0
2025-01-19,6.28375,1.70625,0.0
2025-01-20,5.47,4.008333333333334,0.0
2025-01-21,8.030833333333334,2.5075,0.0
2025-01-22,9.945833333333335,2.2525,0.93
2025-01-23,8.487916666666667,1.8391666666666666,0.0
2025-01-24,10.738750000000001,2.464166666666667,0.0
2025-01-25,7.8875,3.704166666666667,12.280000000000001
2025-01-26,7.320416666666667,2.7991666666666664,0.0
2025-01-27,8.043750000000001,1.8633333333333333,0.0
2025-01-28,9.6125,2.3583333333333334,0.0
2025-01-29,12.337083333333334,2.9966666666666666,0.0
2025-01-30,12.355833333333335,1.3675,0.0
2025-01-31,11.384166666666667,2.1845833333333333,0.13
2025-02-01,10.08875,3.044166666666667,0.12
2025-02-02,8.895833333333334,4.09375,0.0
2025-02-03,6.915172413793103,4.549655172413793,1.82
2025-02-04,5.522083333333334,6.988333333333333,0.0
2025-02-05,3.3713793103448273,5.573448275862069,7.92
2025-02-06,2.312,6.406666666666667,9.69
2025-02-07,2.895,5.4809375,9.47
2025-02-08,3.280333333333333,4.527666666666667,6.09
2025-02-09,3.1826923076923075,4.71,3.33
2025-02-10,2.4496153846153845,4.723846153846154,0.8400000000000001
2025-02-11,2.0134615384615384,2.9676923076923076,1.7100000000000002
2025-02-12,2.4037931034482756,3.7503448275862072,9.629999999999999
2025-02-13,4.949583333333333,2.250833333333333,0.13
2025-02-14,7.321666666666666,1.3504166666666668,0.0
2025-02-15,8.855555555555556,3.5185185185185186,7.48
2025-02-16,7.4054166666666665,4.779583333333333,1.23
2025-02-17,5.3879166666666665,5.550833333333333,17.7
2025-02-18,4.974583333333333,6.365416666666667,0.85
2025-02-19,2.9112,5.324400000000001,1.9100000000000001
2025-02-20,0.1908333333333333,4.491666666666666,0.32
2025-02-21,-0.41750000000000004,5.0929166666666665,0.0
2025-02-22,-0.8825,3.8658333333333332,0.0
2025-02-23,-0.9004166666666666,2.6179166666666664,0.0
2025-02-24,0.8058333333333332,1.8429166666666665,0.0
2025-02-25,3.5504166666666666,2.2270833333333333,0.0
2025-02-26,6.077916666666667,1.9533333333333334,0.0
2025-02-27,10.376666666666667,2.17,0.0
2025-02-28,9.746666666666668,5.025833333333334,0.14
2025-03-01,7.489166666666667,4.5616666666666665,0.0
2025-03-02,7.5562499999999995,4.270833333333333,3.91
2025-03-03,5.7749999999999995,5.594166666666666,0.16
2025-03-04,5.260833333333333,6.109583333333333,0.0
2025-03-05,6.205416666666667,5.5125,0.0
2025-03-06,7.583749999999999,3.6508333333333334,0.0
2025-03-07,8.767916666666666,5.990416666666667,0.0
2025-03-08,7.515833333333333,4.985833333333333,0.0
2025-03-09,8.060416666666667,2.48625,0.0
2025-03-10,10.78,2.2591666666666668,0.0
2025-03-11,14.317916666666667,3.685,0.0
2025-03-12,15.871250000000002,3.24875,0.27
2025-03-13,16.921666666666667,2.54875,0.0
2025-03-14,17.232083333333332,2.734583333333333,0.0
2025-03-15,18.936666666666667,2.38125,0.0
2025-03-16,19.1975,3.80125,0.0
2025-03-17,13.695416666666667,4.801666666666667,0.25
2025-03-18,5.3950000000000005,7.536538461538461,9.82
2025-03-19,4.667083333333333,6.644583333333333,0.12
2025-03-20,5.60875,2.6566666666666667,3.98
2025-03-21,6.914583333333333,3.3004166666666666,0.0
2025-03-22,7.585,2.7254166666666664,0.0
2025-03-23,11.253749999999998,2.24875,0.0
2025-03-24,13.727916666666667,4.684583333333333,0.67
2025-03-25,13.808333333333332,3.629166666666667,0.4
2025-03-26,15.165833333333333,1.6529166666666668,0.0
2025-03-27,16.7025,4.3620833333333335,0.0
2025-03-28,13.448571428571428,5.466428571428572,0.0
2025-03-29,14.168750000000001,2.23125,0.0
2025-03-30,13.308333333333332,3.952083333333333,0.0
2025-03-31,13.73375,3.4345833333333338,0.0
2025-04-01,12.522916666666667,4.715416666666667,0.0
2025-04-02,10.160833333333334,4.585416666666666,0.0
2025-04-03,11.08875,2.5570833333333334,0.0
2025-04-04,11.062083333333334,3.8183333333333334,0.0
2025-04-05,9.871666666666666,2.3916666666666666,0.0
2025-04-06,10.545,6.634583333333333,0.0
2025-04-07,5.746666666666666,6.465,0.0
2025-04-08,6.175,5.358333333333333,0.0
2025-04-09,6.636666666666667,3.515833333333333,0.0
2025-04-10,8.3056,5.652,0.0
2025-04-11,5.632916666666667,4.887083333333334,0.0
2025-04-12,6.53,4.586666666666667,0.0
2025-04-13,7.6570833333333335,2.5625,0.0
2025-04-14,9.079583333333334,4.620416666666666,0.0
2025-04-15,11.530000000000001,4.854583333333333,0.0
2025-04-16,14.095,3.8454166666666665,0.0
2025-04-17,13.81375,6.451249999999999,0.0
2025-04-18,12.30375,5.4937499999999995,0.0
2025-04-19,11.519583333333335,3.77375,0.0